Alr;Ar;Br;Brm;Brmx;Brmy;Brx;Bry;Fl;Flx;Fly;Hr;Hrx;Hry;J;Je;Jivr;Jr;R;Tl;Z;gamma;mur;pj;t;v;vx;vy;wm;
0;2.31611e-23;0.00171216;0;0;0;5.49269e-09;0.00171216;0;0;0;1362.49;0.00437093;1362.49;0;0;0;0;0;0;0;0;1;0;0;0;0;0;1.16641;
9.13345e-13;2.79624e-08;0.00171216;0;0;0;-2.73479e-09;0.00171216;0;0;0;1362.49;-0.00217627;1362.49;0;0;0;0;3.26633e-05;0;2.26131e-05;0;1;0;0;0;0;0;1.1664;
3.6534e-12;5.59251e-08;0.00171216;0;0;0;-2.53544e-08;0.00171216;0;0;0;1362.49;-0.0201764;1362.49;0;0;0;0;6.53266e-05;0;4.52261e-05;0;1;0;0;0;0;0;1.1664;
8.22021e-12;8.38883e-08;0.00171216;0;0;0;-6.23662e-08;0.00171216;0;0;0;1362.49;-0.0496293;1362.49;0;0;0;0;9.79899e-05;0;6.78392e-05;0;1;0;0;0;0;0;1.1664;
1.46139e-11;1.11852e-07;0.00171216;0;0;0;-1.1377e-07;0.00171216;0;0;0;1362.49;-0.0905352;1362.49;0;0;0;0;0.000130653;0;9.04523e-05;0;1;0;0;0;0;0;1.1664;
2.28345e-11;1.39817e-07;0.00171216;0;0;0;-1.79566e-07;0.00171216;0;0;0;1362.49;-0.142894;1362.49;0;0;0;0;0.000163317;0;0.000113065;0;1;0;0;0;0;0;1.1664;
3.28821e-11;1.67783e-07;0.00171216;0;0;0;-2.59754e-07;0.00171216;0;0;0;1362.49;-0.206706;1362.49;0;0;0;0;0.00019598;0;0.000135678;0;1;0;0;0;0;0;1.1664;
4.47571e-11;1.95751e-07;0.00171216;0;0;0;-3.54335e-07;0.00171216;0;0;0;1362.49;-0.28197;1362.49;0;0;0;0;0.000228643;0;0.000158291;0;1;0;0;0;0;0;1.1664;
5.84595e-11;2.2372e-07;0.00171216;0;0;0;-4.63307e-07;0.00171216;0;0;0;1362.49;-0.368687;1362.49;0;0;0;0;0.000261307;0;0.000180905;0;1;0;0;0;0;0;1.1664;
7.39896e-11;2.51691e-07;0.00171215;0;0;0;-5.86672e-07;0.00171215;0;0;0;1362.49;-0.466858;1362.49;0;0;0;0;0.00029397;0;0.000203518;0;1;0;0;0;0;0;1.16639;
9.13477e-11;2.79665e-07;0.00171215;0;0;0;-7.24429e-07;0.00171215;0;0;0;1362.48;-0.576481;1362.48;0;0;0;0;0.000326633;0;0.000226131;0;1;0;0;0;0;0;1.16639;
1.10534e-10;3.0764e-07;0.00171215;0;0;0;-8.76578e-07;0.00171215;0;0;0;1362.48;-0.697557;1362.48;0;0;0;0;0.000359296;0;0.000248744;0;1;0;0;0;0;0;1.16638;
1.31549e-10;3.35619e-07;0.00171214;0;0;0;-1.04312e-06;0.00171214;0;0;0;1362.48;-0.830086;1362.48;0;0;0;0;0.00039196;0;0.000271357;0;1;0;0;0;0;0;1.16638;
1.54393e-10;3.636e-07;0.00171214;0;0;0;-1.22405e-06;0.00171214;0;0;0;1362.47;-0.974068;1362.47;0;0;0;0;0.000424623;0;0.00029397;0;1;0;0;0;0;0;1.16637;
1.79066e-10;3.91584e-07;0.00171214;0;0;0;-1.41938e-06;0.00171214;0;0;0;1362.47;-1.1295;1362.47;0;0;0;0;0.000457286;0;0.000316583;0;1;0;0;0;0;0;1.16637;
2.05569e-10;4.19571e-07;0.00171213;0;0;0;-1.6291e-06;0.00171213;0;0;0;1362.47;-1.29639;1362.47;0;0;0;0;0.00048995;0;0.000339196;0;1;0;0;0;0;0;1.16636;
2.33902e-10;4.47563e-07;0.00171213;0;0;0;-1.8532e-06;0.00171213;0;0;0;1362.46;-1.47473;1362.46;0;0;0;0;0.000522613;0;0.000361809;0;1;0;0;0;0;0;1.16635;
2.64066e-10;4.75557e-07;0.00171212;0;0;0;-2.09171e-06;0.00171212;0;0;0;1362.46;-1.66452;1362.46;0;0;0;0;0.000555276;0;0.000384422;0;1;0;0;0;0;0;1.16635;
2.96061e-10;5.03556e-07;0.00171211;0;0;0;-2.3446e-06;0.00171211;0;0;0;1362.45;-1.86577;1362.45;0;0;0;0;0.00058794;0;0.000407035;0;1;0;0;0;0;0;1.16634;
3.29887e-10;5.31559e-07;0.00171211;0;0;0;-2.61189e-06;0.00171211;0;0;0;1362.45;-2.07847;1362.45;0;0;0;0;0.000620603;0;0.000429648;0;1;0;0;0;0;0;1.16633;
3.65546e-10;5.59567e-07;0.0017121;0;0;0;-2.89357e-06;0.0017121;0;0;0;1362.44;-2.30262;1362.44;0;0;0;0;0.000653266;0;0.000452261;0;1;0;0;0;0;0;1.16632;
4.03038e-10;5.87579e-07;0.0017121;0;0;0;-3.18943e-06;0.0017121;0;0;0;1362.44;-2.53806;1362.44;0;0;0;0;0.00068593;0;0.000474874;0;1;0;0;0;0;0;1.16632;
4.42364e-10;6.15597e-07;0.00171209;0;0;0;-3.50041e-06;0.00171209;0;0;0;1362.44;-2.78554;1362.43;0;0;0;0;0.000718593;0;0.000497487;0;1;0;0;0;0;0;1.16631;
4.83523e-10;6.4362e-07;0.00171209;0;0;0;-3.82643e-06;0.00171208;0;0;0;1362.43;-3.04497;1362.43;0;0;0;0;0.000751256;0;0.000520101;0;1;0;0;0;0;0;1.1663;
5.26518e-10;6.71648e-07;0.00171209;0;0;0;-4.16749e-06;0.00171208;0;0;0;1362.43;-3.31637;1362.43;0;0;0;0;0.00078392;0;0.000542714;0;1;0;0;0;0;0;1.1663;
5.71348e-10;6.99682e-07;0.00171208;0;0;0;-4.52357e-06;0.00171208;0;0;0;1362.43;-3.59974;1362.42;0;0;0;0;0.000816583;0;0.000565327;0;1;0;0;0;0;0;1.1663;
6.18015e-10;7.27722e-07;0.00171208;0;0;0;-4.8947e-06;0.00171207;0;0;0;1362.43;-3.89507;1362.42;0;0;0;0;0.000849246;0;0.00058794;0;1;0;0;0;0;0;1.16629;
6.6652e-10;7.55769e-07;0.00171208;0;0;0;-5.28086e-06;0.00171207;0;0;0;1362.43;-4.20236;1362.42;0;0;0;0;0.00088191;0;0.000610553;0;1;0;0;0;0;0;1.16629;
7.16862e-10;7.83822e-07;0.00171208;0;0;0;-5.68205e-06;0.00171207;0;0;0;1362.42;-4.52162;1362.42;0;0;0;0;0.000914573;0;0.000633166;0;1;0;0;0;0;0;1.16629;
7.69044e-10;8.11882e-07;0.00171208;0;0;0;-6.09828e-06;0.00171207;0;0;0;1362.42;-4.85285;1362.42;0;0;0;0;0.000947236;0;0.000655779;0;1;0;0;0;0;0;1.16629;
8.23066e-10;8.39949e-07;0.00171208;0;0;0;-6.52954e-06;0.00171206;0;0;0;1362.42;-5.19603;1362.41;0;0;0;0;0.000979899;0;0.000678392;0;1;0;0;0;0;0;1.16629;
8.78929e-10;8.68024e-07;0.00171208;0;0;0;-6.97584e-06;0.00171206;0;0;0;1362.43;-5.55119;1362.41;0;0;0;0;0.00101256;0;0.000701005;0;1;0;0;0;0;0;1.16629;
9.36634e-10;8.96107e-07;0.00171208;0;0;0;-7.43718e-06;0.00171206;0;0;0;1362.43;-5.9183;1362.41;0;0;0;0;0.00104523;0;0.000723618;0;1;0;0;0;0;0;1.16629;
9.96183e-10;9.24197e-07;0.00171208;0;0;0;-7.91355e-06;0.00171207;0;0;0;1362.43;-6.29739;1362.42;0;0;0;0;0.00107789;0;0.000746231;0;1;0;0;0;0;0;1.1663;
1.05758e-09;9.52296e-07;0.00171209;0;0;0;-8.40495e-06;0.00171207;0;0;0;1362.43;-6.68843;1362.42;0;0;0;0;0.00111055;0;0.000768844;0;1;0;0;0;0;0;1.1663;
1.12081e-09;9.80404e-07;0.00171209;0;0;0;-8.91139e-06;0.00171207;0;0;0;1362.44;-7.09144;1362.42;0;0;0;0;0.00114322;0;0.000791457;0;1;0;0;0;0;0;1.16631;
1.1859e-09;1.00852e-06;0.0017121;0;0;0;-9.41973e-06;0.00171207;0;0;0;1362.44;-7.49596;1362.42;0;0;0;0;0.00117588;0;0.00081407;0;1;0;0;0;0;0;1.16632;
1.25283e-09;1.03665e-06;0.00171211;0;0;0;-9.96137e-06;0.00171208;0;0;0;1362.45;-7.92699;1362.43;0;0;0;0;0.00120854;0;0.000836683;0;1;0;0;0;0;0;1.16633;
1.32161e-09;1.06478e-06;0.00171212;0;0;0;-1.05173e-05;0.00171209;0;0;0;1362.46;-8.36939;1362.43;0;0;0;0;0.00124121;0;0.000859296;0;1;0;0;0;0;0;1.16635;
1.39224e-09;1.09292e-06;0.00171213;0;0;0;-1.10875e-05;0.0017121;0;0;0;1362.47;-8.82315;1362.44;0;0;0;0;0.00127387;0;0.00088191;0;1;0;0;0;0;0;1.16636;
1.46473e-09;1.12108e-06;0.00171215;0;0;0;-1.1672e-05;0.00171211;0;0;0;1362.48;-9.28829;1362.45;0;0;0;0;0.00130653;0;0.000904523;0;1;0;0;0;0;0;1.16638;
1.53906e-09;1.14925e-06;0.00171218;0;0;0;-1.22692e-05;0.00171213;0;0;0;1362.5;-9.76347;1362.47;0;0;0;0;0.0013392;0;0.000927136;0;1;0;0;0;0;0;1.16642;
1.61526e-09;1.17742e-06;0.00171218;0;0;0;-1.28833e-05;0.00171214;0;0;0;1362.51;-10.2522;1362.47;0;0;0;0;0.00137186;0;0.000949749;0;1;0;0;0;0;0;1.16643;
1.6933e-09;1.20561e-06;0.0017122;0;0;0;-1.35132e-05;0.00171214;0;0;0;1362.52;-10.7534;1362.48;0;0;0;0;0.00140452;0;0.000972362;0;1;0;0;0;0;0;1.16645;
1.77321e-09;1.23381e-06;0.00171221;0;0;0;-1.41588e-05;0.00171215;0;0;0;1362.53;-11.2672;1362.49;0;0;0;0;0.00143719;0;0.000994975;0;1;0;0;0;0;0;1.16647;
1.85497e-09;1.26202e-06;0.00171223;0;0;0;-1.48201e-05;0.00171217;0;0;0;1362.55;-11.7934;1362.5;0;0;0;0;0.00146985;0;0.00101759;0;1;0;0;0;0;0;1.1665;
1.9386e-09;1.29024e-06;0.00171226;0;0;0;-1.54971e-05;0.00171219;0;0;0;1362.57;-12.3321;1362.51;0;0;0;0;0.00150251;0;0.0010402;0;1;0;0;0;0;0;1.16653;
2.02409e-09;1.31847e-06;0.0017123;0;0;0;-1.61776e-05;0.00171222;0;0;0;1362.6;-12.8737;1362.54;0;0;0;0;0.00153518;0;0.00106281;0;1;0;0;0;0;0;1.16659;
2.11144e-09;1.34672e-06;0.00171233;0;0;0;-1.68838e-05;0.00171225;0;0;0;1362.63;-13.4357;1362.56;0;0;0;0;0.00156784;0;0.00108543;0;1;0;0;0;0;0;1.16664;
2.20065e-09;1.37498e-06;0.00171237;0;0;0;-1.76061e-05;0.00171228;0;0;0;1362.66;-14.0105;1362.59;0;0;0;0;0.0016005;0;0.00110804;0;1;0;0;0;0;0;1.16669;
2.29174e-09;1.40325e-06;0.00171241;0;0;0;-1.83446e-05;0.00171231;0;0;0;1362.69;-14.5981;1362.61;0;0;0;0;0.00163317;0;0.00113065;0;1;0;0;0;0;0;1.16674;
2.3847e-09;1.43154e-06;0.00171246;0;0;0;-1.90992e-05;0.00171235;0;0;0;1362.73;-15.1986;1362.64;0;0;0;0;0.00166583;0;0.00115327;0;1;0;0;0;0;0;1.1668;
2.47952e-09;1.45984e-06;0.0017125;0;0;0;-1.98699e-05;0.00171239;0;0;0;1362.76;-15.8119;1362.67;0;0;0;0;0.00169849;0;0.00117588;0;1;0;0;0;0;0;1.16687;
2.57622e-09;1.48815e-06;0.00171255;0;0;0;-2.06568e-05;0.00171243;0;0;0;1362.8;-16.4381;1362.7;0;0;0;0;0.00173116;0;0.00119849;0;1;0;0;0;0;0;1.16694;
2.6748e-09;1.51648e-06;0.00171261;0;0;0;-2.14598e-05;0.00171247;0;0;0;1362.85;-17.0771;1362.74;0;0;0;0;0.00176382;0;0.00122111;0;1;0;0;0;0;0;1.16701;
2.77525e-09;1.54483e-06;0.00171266;0;0;0;-2.2279e-05;0.00171252;0;0;0;1362.89;-17.729;1362.78;0;0;0;0;0.00179648;0;0.00124372;0;1;0;0;0;0;0;1.16709;
2.87759e-09;1.57319e-06;0.00171272;0;0;0;-2.31143e-05;0.00171257;0;0;0;1362.94;-18.3938;1362.81;0;0;0;0;0.00182915;0;0.00126633;0;1;0;0;0;0;0;1.16717;
2.98181e-09;1.60156e-06;0.00171279;0;0;0;-2.39658e-05;0.00171262;0;0;0;1362.99;-19.0713;1362.86;0;0;0;0;0.00186181;0;0.00128894;0;1;0;0;0;0;0;1.16726;
3.08791e-09;1.62996e-06;0.00171285;0;0;0;-2.48334e-05;0.00171267;0;0;0;1363.04;-19.7618;1362.9;0;0;0;0;0.00189447;0;0.00131156;0;1;0;0;0;0;0;1.16735;
3.19589e-09;1.65836e-06;0.00171292;0;0;0;-2.57172e-05;0.00171273;0;0;0;1363.1;-20.465;1362.94;0;0;0;0;0.00192714;0;0.00133417;0;1;0;0;0;0;0;1.16744;
3.30577e-09;1.68679e-06;0.001713;0;0;0;-2.66171e-05;0.00171279;0;0;0;1363.16;-21.1812;1362.99;0;0;0;0;0.0019598;0;0.00135678;0;1;0;0;0;0;0;1.16754;
3.41754e-09;1.71523e-06;0.00171309;0;0;0;-2.75346e-05;0.00171287;0;0;0;1363.23;-21.9113;1363.05;0;0;0;0;0.00199246;0;0.0013794;0;1;0;0;0;0;0;1.16767;
3.5312e-09;1.74369e-06;0.00171318;0;0;0;-2.84709e-05;0.00171294;0;0;0;1363.3;-22.6563;1363.11;0;0;0;0;0.00202513;0;0.00140201;0;1;0;0;0;0;0;1.16779;
3.64676e-09;1.77217e-06;0.00171327;0;0;0;-2.94252e-05;0.00171302;0;0;0;1363.38;-23.4157;1363.18;0;0;0;0;0.00205779;0;0.00142462;0;1;0;0;0;0;0;1.16792;
3.76422e-09;1.80067e-06;0.00171338;0;0;0;-3.03975e-05;0.00171311;0;0;0;1363.46;-24.1895;1363.24;0;0;0;0;0.00209045;0;0.00144724;0;1;0;0;0;0;0;1.16806;
3.88358e-09;1.82919e-06;0.00171348;0;0;0;-3.13878e-05;0.0017132;0;0;0;1363.54;-24.9776;1363.32;0;0;0;0;0.00212312;0;0.00146985;0;1;0;0;0;0;0;1.16821;
4.00485e-09;1.85773e-06;0.0017136;0;0;0;-3.23961e-05;0.00171329;0;0;0;1363.63;-25.78;1363.39;0;0;0;0;0.00215578;0;0.00149246;0;1;0;0;0;0;0;1.16836;
4.12802e-09;1.88628e-06;0.00171372;0;0;0;-3.34225e-05;0.00171339;0;0;0;1363.73;-26.5967;1363.47;0;0;0;0;0.00218844;0;0.00151508;0;1;0;0;0;0;0;1.16852;
4.25311e-09;1.91486e-06;0.00171384;0;0;0;-3.44668e-05;0.00171349;0;0;0;1363.83;-27.4277;1363.55;0;0;0;0;0.00222111;0;0.00153769;0;1;0;0;0;0;0;1.16869;
4.38011e-09;1.94346e-06;0.00171397;0;0;0;-3.55291e-05;0.0017136;0;0;0;1363.93;-28.2731;1363.64;0;0;0;0;0.00225377;0;0.0015603;0;1;0;0;0;0;0;1.16887;
4.50903e-09;1.97208e-06;0.00171411;0;0;0;-3.66095e-05;0.00171372;0;0;0;1364.04;-29.1328;1363.73;0;0;0;0;0.00228643;0;0.00158291;0;1;0;0;0;0;0;1.16906;
4.63986e-09;2.00072e-06;0.00171425;0;0;0;-3.76483e-05;0.00171384;0;0;0;1364.15;-29.9595;1363.82;0;0;0;0;0.0023191;0;0.00160553;0;1;0;0;0;0;0;1.16925;
4.77262e-09;2.02938e-06;0.0017144;0;0;0;-3.87666e-05;0.00171396;0;0;0;1364.27;-30.8494;1363.92;0;0;0;0;0.00235176;0;0.00162814;0;1;0;0;0;0;0;1.16946;
4.90731e-09;2.05807e-06;0.00171456;0;0;0;-3.99025e-05;0.00171409;0;0;0;1364.4;-31.7533;1364.03;0;0;0;0;0.00238442;0;0.00165075;0;1;0;0;0;0;0;1.16967;
5.04392e-09;2.08678e-06;0.00171473;0;0;0;-4.10559e-05;0.00171424;0;0;0;1364.53;-32.6712;1364.14;0;0;0;0;0.00241709;0;0.00167337;0;1;0;0;0;0;0;1.1699;
5.18247e-09;2.11551e-06;0.0017149;0;0;0;-4.22268e-05;0.00171438;0;0;0;1364.67;-33.6029;1364.26;0;0;0;0;0.00244975;0;0.00169598;0;1;0;0;0;0;0;1.17014;
5.32296e-09;2.14427e-06;0.00171509;0;0;0;-4.34152e-05;0.00171454;0;0;0;1364.82;-34.5486;1364.38;0;0;0;0;0.00248241;0;0.00171859;0;1;0;0;0;0;0;1.17039;
5.46539e-09;2.17305e-06;0.00171528;0;0;0;-4.46211e-05;0.0017147;0;0;0;1364.97;-35.5083;1364.51;0;0;0;0;0.00251508;0;0.00174121;0;1;0;0;0;0;0;1.17066;
5.60977e-09;2.20186e-06;0.00171548;0;0;0;-4.58445e-05;0.00171487;0;0;0;1365.14;-36.4818;1364.65;0;0;0;0;0.00254774;0;0.00176382;0;1;0;0;0;0;0;1.17093;
5.75609e-09;2.2307e-06;0.0017157;0;0;0;-4.70854e-05;0.00171505;0;0;0;1365.3;-37.4693;1364.79;0;0;0;0;0.0025804;0;0.00178643;0;1;0;0;0;0;0;1.17122;
5.90437e-09;2.25956e-06;0.00171592;0;0;0;-4.83439e-05;0.00171524;0;0;0;1365.48;-38.4707;1364.94;0;0;0;0;0.00261307;0;0.00180905;0;1;0;0;0;0;0;1.17152;
6.0546e-09;2.28844e-06;0.00171613;0;0;0;-4.96194e-05;0.00171541;0;0;0;1365.65;-39.4857;1365.08;0;0;0;0;0.00264573;0;0.00183166;0;1;0;0;0;0;0;1.17181;
6.20679e-09;2.31736e-06;0.00171637;0;0;0;-5.09131e-05;0.00171561;0;0;0;1365.84;-40.5153;1365.24;0;0;0;0;0.00267839;0;0.00185427;0;1;0;0;0;0;0;1.17214;
6.36095e-09;2.3463e-06;0.00171662;0;0;0;-5.22274e-05;0.00171582;0;0;0;1366.04;-41.5611;1365.4;0;0;0;0;0.00271106;0;0.00187688;0;1;0;0;0;0;0;1.17248;
6.51708e-09;2.37527e-06;0.00171688;0;0;0;-5.35621e-05;0.00171604;0;0;0;1366.24;-42.6233;1365.58;0;0;0;0;0.00274372;0;0.0018995;0;1;0;0;0;0;0;1.17283;
6.67518e-09;2.40427e-06;0.00171715;0;0;0;-5.49174e-05;0.00171627;0;0;0;1366.46;-43.7017;1365.76;0;0;0;0;0.00277638;0;0.00192211;0;1;0;0;0;0;0;1.1732;
6.83526e-09;2.4333e-06;0.00171743;0;0;0;-5.62931e-05;0.0017165;0;0;0;1366.68;-44.7965;1365.95;0;0;0;0;0.00280905;0;0.00194472;0;1;0;0;0;0;0;1.17359;
6.99732e-09;2.46236e-06;0.00171772;0;0;0;-5.76894e-05;0.00171675;0;0;0;1366.91;-45.9077;1366.14;0;0;0;0;0.00284171;0;0.00196734;0;1;0;0;0;0;0;1.17399;
7.16137e-09;2.49145e-06;0.00171802;0;0;0;-5.91062e-05;0.001717;0;0;0;1367.15;-47.0351;1366.34;0;0;0;0;0.00287437;0;0.00198995;0;1;0;0;0;0;0;1.1744;
7.32741e-09;2.52058e-06;0.00171833;0;0;0;-6.05435e-05;0.00171727;0;0;0;1367.4;-48.1789;1366.55;0;0;0;0;0.00290704;0;0.00201256;0;1;0;0;0;0;0;1.17483;
7.49545e-09;2.54973e-06;0.00171866;0;0;0;-6.20013e-05;0.00171754;0;0;0;1367.66;-49.3389;1366.77;0;0;0;0;0.0029397;0;0.00203518;0;1;0;0;0;0;0;1.17527;
7.66549e-09;2.57892e-06;0.00171899;0;0;0;-6.34796e-05;0.00171782;0;0;0;1367.93;-50.5153;1366.99;0;0;0;0;0.00297236;0;0.00205779;0;1;0;0;0;0;0;1.17573;
7.83754e-09;2.60815e-06;0.00171934;0;0;0;-6.49784e-05;0.00171811;0;0;0;1368.2;-51.708;1367.23;0;0;0;0;0.00300503;0;0.0020804;0;1;0;0;0;0;0;1.1762;
8.0116e-09;2.6374e-06;0.0017197;0;0;0;-6.64977e-05;0.00171841;0;0;0;1368.49;-52.9171;1367.46;0;0;0;0;0.00303769;0;0.00210302;0;1;0;0;0;0;0;1.17669;
8.18768e-09;2.66669e-06;0.00172006;0;0;0;-6.80382e-05;0.00171872;0;0;0;1368.78;-54.1429;1367.71;0;0;0;0;0.00307035;0;0.00212563;0;1;0;0;0;0;0;1.17719;
8.36579e-09;2.69602e-06;0.00172046;0;0;0;-6.96165e-05;0.00171905;0;0;0;1369.09;-55.3989;1367.97;0;0;0;0;0.00310302;0;0.00214824;0;1;0;0;0;0;0;1.17773;
8.54592e-09;2.72538e-06;0.00172087;0;0;0;-7.12158e-05;0.00171939;0;0;0;1369.42;-56.6716;1368.25;0;0;0;0;0.00313568;0;0.00217085;0;1;0;0;0;0;0;1.17829;
8.72809e-09;2.75478e-06;0.00172129;0;0;0;-7.28359e-05;0.00171975;0;0;0;1369.76;-57.9608;1368.53;0;0;0;0;0.00316834;0;0.00219347;0;1;0;0;0;0;0;1.17888;
8.91231e-09;2.78422e-06;0.00172174;0;0;0;-7.44769e-05;0.00172013;0;0;0;1370.11;-59.2667;1368.83;0;0;0;0;0.00320101;0;0.00221608;0;1;0;0;0;0;0;1.17949;
9.09858e-09;2.8137e-06;0.00172215;0;0;0;-7.61409e-05;0.00172047;0;0;0;1370.44;-60.5909;1369.1;0;0;0;0;0.00323367;0;0.00223869;0;1;0;0;0;0;0;1.18005;
9.28689e-09;2.84322e-06;0.00172262;0;0;0;-7.78172e-05;0.00172086;0;0;0;1370.81;-61.9249;1369.41;0;0;0;0;0.00326633;0;0.00226131;0;1;0;0;0;0;0;1.1807;
9.47727e-09;2.87277e-06;0.0017231;0;0;0;-7.9519e-05;0.00172127;0;0;0;1371.2;-63.279;1369.74;0;0;0;0;0.00329899;0;0.00228392;0;1;0;0;0;0;0;1.18136;
9.66971e-09;2.90237e-06;0.00172361;0;0;0;-8.12462e-05;0.00172169;0;0;0;1371.6;-64.6535;1370.07;0;0;0;0;0.00333166;0;0.00230653;0;1;0;0;0;0;0;1.18205;
9.86423e-09;2.93201e-06;0.00172412;0;0;0;-8.29988e-05;0.00172212;0;0;0;1372.01;-66.0482;1370.42;0;0;0;0;0.00336432;0;0.00232915;0;1;0;0;0;0;0;1.18276;
1.00608e-08;2.96169e-06;0.00172466;0;0;0;-8.47768e-05;0.00172257;0;0;0;1372.44;-67.4631;1370.78;0;0;0;0;0.00339698;0;0.00235176;0;1;0;0;0;0;0;1.18349;
1.02595e-08;2.99142e-06;0.00172521;0;0;0;-8.65803e-05;0.00172303;0;0;0;1372.87;-68.8983;1371.14;0;0;0;0;0.00342965;0;0.00237437;0;1;0;0;0;0;0;1.18425;
1.04603e-08;3.02119e-06;0.00172578;0;0;0;-8.84093e-05;0.00172351;0;0;0;1373.33;-70.3537;1371.52;0;0;0;0;0.00346231;0;0.00239698;0;1;0;0;0;0;0;1.18503;
1.06632e-08;3.05101e-06;0.00172636;0;0;0;-9.02636e-05;0.001724;0;0;0;1373.79;-71.8293;1371.91;0;0;0;0;0.00349497;0;0.0024196;0;1;0;0;0;0;0;1.18583;
1.08682e-08;3.08087e-06;0.00172696;0;0;0;-9.21434e-05;0.0017245;0;0;0;1374.27;-73.3252;1372.31;0;0;0;0;0.00352764;0;0.00244221;0;1;0;0;0;0;0;1.18666;
1.10753e-08;3.11078e-06;0.00172758;0;0;0;-9.40487e-05;0.00172502;0;0;0;1374.76;-74.8414;1372.72;0;0;0;0;0.0035603;0;0.00246482;0;1;0;0;0;0;0;1.18751;
1.12845e-08;3.14073e-06;0.00172822;0;0;0;-9.59794e-05;0.00172555;0;0;0;1375.27;-76.3778;1373.15;0;0;0;0;0.00359296;0;0.00248744;0;1;0;0;0;0;0;1.18838;
1.14959e-08;3.17074e-06;0.00172887;0;0;0;-9.79355e-05;0.0017261;0;0;0;1375.79;-77.9344;1373.58;0;0;0;0;0.00362563;0;0.00251005;0;1;0;0;0;0;0;1.18928;
1.17094e-08;3.20079e-06;0.00172958;0;0;0;-9.99597e-05;0.00172669;0;0;0;1376.35;-79.5452;1374.05;0;0;0;0;0.00365829;0;0.00253266;0;1;0;0;0;0;0;1.19025;
1.19251e-08;3.2309e-06;0.00173028;0;0;0;-0.000101976;0.00172727;0;0;0;1376.91;-81.1494;1374.51;0;0;0;0;0.00369095;0;0.00255528;0;1;0;0;0;0;0;1.19121;
1.21429e-08;3.26106e-06;0.001731;0;0;0;-0.000104022;0.00172787;0;0;0;1377.48;-82.7782;1374.99;0;0;0;0;0.00372362;0;0.00257789;0;1;0;0;0;0;0;1.19221;
1.23629e-08;3.29127e-06;0.00173175;0;0;0;-0.0001061;0.0017285;0;0;0;1378.08;-84.4316;1375.49;0;0;0;0;0.00375628;0;0.0026005;0;1;0;0;0;0;0;1.19325;
1.25851e-08;3.32153e-06;0.00173253;0;0;0;-0.000108209;0.00172915;0;0;0;1378.7;-86.1097;1376.01;0;0;0;0;0.00378894;0;0.00262312;0;1;0;0;0;0;0;1.19432;
1.28095e-08;3.35186e-06;0.00173334;0;0;0;-0.000110349;0.00172982;0;0;0;1379.34;-87.8124;1376.54;0;0;0;0;0.00382161;0;0.00264573;0;1;0;0;0;0;0;1.19543;
1.3036e-08;3.38223e-06;0.00173417;0;0;0;-0.000112519;0.00173052;0;0;0;1380.01;-89.5397;1377.1;0;0;0;0;0.00385427;0;0.00266834;0;1;0;0;0;0;0;1.19658;
1.32648e-08;3.41267e-06;0.00173503;0;0;0;-0.000114721;0.00173124;0;0;0;1380.69;-91.2916;1377.67;0;0;0;0;0.00388693;0;0.00269095;0;1;0;0;0;0;0;1.19777;
1.34958e-08;3.44316e-06;0.00173589;0;0;0;-0.000116966;0.00173195;0;0;0;1381.37;-93.0786;1378.24;0;0;0;0;0.0039196;0;0.00271357;0;1;0;0;0;0;0;1.19896;
1.3729e-08;3.47371e-06;0.0017368;0;0;0;-0.000119241;0.0017327;0;0;0;1382.1;-94.8889;1378.84;0;0;0;0;0.00395226;0;0.00273618;0;1;0;0;0;0;0;1.20021;
1.39645e-08;3.50433e-06;0.00173773;0;0;0;-0.00012155;0.00173347;0;0;0;1382.84;-96.726;1379.45;0;0;0;0;0.00398492;0;0.00275879;0;1;0;0;0;0;0;1.2015;
1.42022e-08;3.53501e-06;0.00173866;0;0;0;-0.000123862;0.00173425;0;0;0;1383.58;-98.5657;1380.07;0;0;0;0;0.00401759;0;0.00278141;0;1;0;0;0;0;0;1.20279;
1.44422e-08;3.56574e-06;0.00173967;0;0;0;-0.000126226;0.00173508;0;0;0;1384.38;-100.447;1380.73;0;0;0;0;0.00405025;0;0.00280402;0;1;0;0;0;0;0;1.20418;
1.46844e-08;3.59655e-06;0.0017407;0;0;0;-0.000128638;0.00173594;0;0;0;1385.2;-102.367;1381.41;0;0;0;0;0.00408291;0;0.00282663;0;1;0;0;0;0;0;1.20561;
1.49289e-08;3.62742e-06;0.00174175;0;0;0;-0.000131094;0.00173681;0;0;0;1386.04;-104.321;1382.11;0;0;0;0;0.00411558;0;0.00284925;0;1;0;0;0;0;0;1.20707;
1.51758e-08;3.65836e-06;0.00174284;0;0;0;-0.00013359;0.00173771;0;0;0;1386.9;-106.308;1382.82;0;0;0;0;0.00414824;0;0.00287186;0;1;0;0;0;0;0;1.20857;
1.54249e-08;3.68937e-06;0.00174395;0;0;0;-0.000136124;0.00173863;0;0;0;1387.79;-108.324;1383.55;0;0;0;0;0.0041809;0;0.00289447;0;1;0;0;0;0;0;1.21012;
1.56764e-08;3.72045e-06;0.0017451;0;0;0;-0.000138695;0.00173958;0;0;0;1388.7;-110.37;1384.31;0;0;0;0;0.00421357;0;0.00291709;0;1;0;0;0;0;0;1.21171;
1.59302e-08;3.7516e-06;0.00174628;0;0;0;-0.000141304;0.00174055;0;0;0;1389.64;-112.446;1385.08;0;0;0;0;0.00424623;0;0.0029397;0;1;0;0;0;0;0;1.21335;
1.61863e-08;3.78283e-06;0.00174749;0;0;0;-0.000143949;0.00174155;0;0;0;1390.6;-114.551;1385.88;0;0;0;0;0.00427889;0;0.00296231;0;1;0;0;0;0;0;1.21503;
1.64448e-08;3.81413e-06;0.00174873;0;0;0;-0.000146632;0.00174257;0;0;0;1391.59;-116.686;1386.69;0;0;0;0;0.00431156;0;0.00298492;0;1;0;0;0;0;0;1.21676;
1.67057e-08;3.84551e-06;0.00175001;0;0;0;-0.000149352;0.00174363;0;0;0;1392.61;-118.85;1387.53;0;0;0;0;0.00434422;0;0.00300754;0;1;0;0;0;0;0;1.21854;
1.6969e-08;3.87696e-06;0.0017514;0;0;0;-0.000152213;0.00174477;0;0;0;1393.72;-121.127;1388.44;0;0;0;0;0.00437688;0;0.00303015;0;1;0;0;0;0;0;1.22048;
1.72347e-08;3.9085e-06;0.00175274;0;0;0;-0.000155014;0.00174588;0;0;0;1394.79;-123.356;1389.32;0;0;0;0;0.00440955;0;0.00305276;0;1;0;0;0;0;0;1.22235;
1.75029e-08;3.94012e-06;0.00175414;0;0;0;-0.000157872;0.00174702;0;0;0;1395.9;-125.63;1390.23;0;0;0;0;0.00444221;0;0.00307538;0;1;0;0;0;0;0;1.2243;
1.77734e-08;3.97183e-06;0.00175558;0;0;0;-0.000160787;0.00174821;0;0;0;1397.05;-127.95;1391.17;0;0;0;0;0.00447487;0;0.00309799;0;1;0;0;0;0;0;1.22632;
1.80465e-08;4.00362e-06;0.00175708;0;0;0;-0.000163761;0.00174943;0;0;0;1398.24;-130.316;1392.15;0;0;0;0;0.00450754;0;0.0031206;0;1;0;0;0;0;0;1.22841;
1.8322e-08;4.0355e-06;0.00175863;0;0;0;-0.000166792;0.00175071;0;0;0;1399.47;-132.728;1393.16;0;0;0;0;0.0045402;0;0.00314322;0;1;0;0;0;0;0;1.23058;
1.86e-08;4.06747e-06;0.00176024;0;0;0;-0.000169881;0.00175202;0;0;0;1400.75;-135.186;1394.21;0;0;0;0;0.00457286;0;0.00316583;0;1;0;0;0;0;0;1.23283;
1.88805e-08;4.09953e-06;0.0017619;0;0;0;-0.000173027;0.00175338;0;0;0;1402.07;-137.69;1395.29;0;0;0;0;0.00460553;0;0.00318844;0;1;0;0;0;0;0;1.23515;
1.91635e-08;4.13168e-06;0.00176361;0;0;0;-0.000176231;0.00175478;0;0;0;1403.43;-140.24;1396.41;0;0;0;0;0.00463819;0;0.00321106;0;1;0;0;0;0;0;1.23755;
1.94492e-08;4.16394e-06;0.00176538;0;0;0;-0.000179493;0.00175623;0;0;0;1404.84;-142.836;1397.56;0;0;0;0;0.00467085;0;0.00323367;0;1;0;0;0;0;0;1.24004;
1.97373e-08;4.19629e-06;0.0017672;0;0;0;-0.000182813;0.00175772;0;0;0;1406.29;-145.478;1398.75;0;0;0;0;0.00470352;0;0.00325628;0;1;0;0;0;0;0;1.2426;
2.00281e-08;4.22875e-06;0.0017691;0;0;0;-0.00018625;0.00175927;0;0;0;1407.8;-148.212;1399.98;0;0;0;0;0.00473618;0;0.00327889;0;1;0;0;0;0;0;1.24527;
2.03215e-08;4.26131e-06;0.0017708;0;0;0;-0.000189796;0.0017606;0;0;0;1409.15;-151.034;1401.03;0;0;0;0;0.00476884;0;0.00330151;0;1;0;0;0;0;0;1.24766;
2.06176e-08;4.29398e-06;0.0017728;0;0;0;-0.000193246;0.00176224;0;0;0;1410.75;-153.78;1402.34;0;0;0;0;0.00480151;0;0.00332412;0;1;0;0;0;0;0;1.25048;
2.09163e-08;4.32675e-06;0.00177487;0;0;0;-0.000196786;0.00176393;0;0;0;1412.39;-156.597;1403.68;0;0;0;0;0.00483417;0;0.00334673;0;1;0;0;0;0;0;1.25341;
2.12177e-08;4.35964e-06;0.00177701;0;0;0;-0.000200417;0.00176567;0;0;0;1414.09;-159.486;1405.07;0;0;0;0;0.00486683;0;0.00336935;0;1;0;0;0;0;0;1.25643;
2.15218e-08;4.39265e-06;0.00177921;0;0;0;-0.000204138;0.00176746;0;0;0;1415.85;-162.447;1406.5;0;0;0;0;0.0048995;0;0.00339196;0;1;0;0;0;0;0;1.25955;
2.18286e-08;4.42577e-06;0.00178149;0;0;0;-0.000207949;0.00176931;0;0;0;1417.66;-165.48;1407.97;0;0;0;0;0.00493216;0;0.00341457;0;1;0;0;0;0;0;1.26278;
2.21382e-08;4.45902e-06;0.00178384;0;0;0;-0.000211851;0.00177121;0;0;0;1419.53;-168.585;1409.48;0;0;0;0;0.00496482;0;0.00343719;0;1;0;0;0;0;0;1.26611;
2.24507e-08;4.49239e-06;0.00178626;0;0;0;-0.000215844;0.00177317;0;0;0;1421.45;-171.763;1411.04;0;0;0;0;0.00499749;0;0.0034598;0;1;0;0;0;0;0;1.26954;
2.27659e-08;4.52589e-06;0.00178875;0;0;0;-0.000219927;0.00177518;0;0;0;1423.44;-175.012;1412.64;0;0;0;0;0.00503015;0;0.00348241;0;1;0;0;0;0;0;1.27309;
2.3084e-08;4.55952e-06;0.00179131;0;0;0;-0.0002241;0.00177724;0;0;0;1425.48;-178.333;1414.28;0;0;0;0;0.00506281;0;0.00350503;0;1;0;0;0;0;0;1.27674;
2.3405e-08;4.59329e-06;0.00179395;0;0;0;-0.000228364;0.00177936;0;0;0;1427.58;-181.726;1415.96;0;0;0;0;0.00509548;0;0.00352764;0;1;0;0;0;0;0;1.2805;
2.3729e-08;4.6272e-06;0.00179667;0;0;0;-0.000232718;0.00178153;0;0;0;1429.74;-185.191;1417.69;0;0;0;0;0.00512814;0;0.00355025;0;1;0;0;0;0;0;1.28438;
2.40558e-08;4.66126e-06;0.00179945;0;0;0;-0.000237163;0.00178376;0;0;0;1431.96;-188.728;1419.47;0;0;0;0;0.0051608;0;0.00357286;0;1;0;0;0;0;0;1.28837;
2.43857e-08;4.69546e-06;0.00180232;0;0;0;-0.000241698;0.00178604;0;0;0;1434.24;-192.337;1421.28;0;0;0;0;0.00519347;0;0.00359548;0;1;0;0;0;0;0;1.29248;
2.47186e-08;4.7298e-06;0.00180526;0;0;0;-0.000246323;0.00178838;0;0;0;1436.58;-196.017;1423.14;0;0;0;0;0.00522613;0;0.00361809;0;1;0;0;0;0;0;1.2967;
2.50545e-08;4.7643e-06;0.00180846;0;0;0;-0.000251123;0.00179094;0;0;0;1439.12;-199.837;1425.18;0;0;0;0;0.00525879;0;0.0036407;0;1;0;0;0;0;0;1.30129;
2.53936e-08;4.79897e-06;0.00181185;0;0;0;-0.000256122;0.00179365;0;0;0;1441.82;-203.815;1427.34;0;0;0;0;0.00529146;0;0.00366332;0;1;0;0;0;0;0;1.30618;
2.57358e-08;4.83382e-06;0.00181533;0;0;0;-0.00026128;0.00179642;0;0;0;1444.59;-207.92;1429.55;0;0;0;0;0.00532412;0;0.00368593;0;1;0;0;0;0;0;1.3112;
2.60813e-08;4.86884e-06;0.00181889;0;0;0;-0.000266597;0.00179925;0;0;0;1447.43;-212.151;1431.79;0;0;0;0;0.00535678;0;0.00370854;0;1;0;0;0;0;0;1.31636;
2.643e-08;4.90403e-06;0.00182235;0;0;0;-0.000271687;0.00180199;0;0;0;1450.18;-216.201;1433.97;0;0;0;0;0.00538945;0;0.00373116;0;1;0;0;0;0;0;1.32137;
2.6782e-08;4.9394e-06;0.00182614;0;0;0;-0.000277278;0.00180497;0;0;0;1453.19;-220.651;1436.35;0;0;0;0;0.00542211;0;0.00375377;0;1;0;0;0;0;0;1.32687;
2.71373e-08;4.97497e-06;0.00183009;0;0;0;-0.000283008;0.00180807;0;0;0;1456.34;-225.21;1438.82;0;0;0;0;0.00545477;0;0.00377638;0;1;0;0;0;0;0;1.33261;
2.74961e-08;5.01074e-06;0.00183419;0;0;0;-0.000288876;0.0018113;0;0;0;1459.6;-229.88;1441.39;0;0;0;0;0.00548744;0;0.00379899;0;1;0;0;0;0;0;1.3386;
2.78584e-08;5.04671e-06;0.00183846;0;0;0;-0.000294883;0.00181465;0;0;0;1462.99;-234.66;1444.05;0;0;0;0;0.0055201;0;0.00382161;0;1;0;0;0;0;0;1.34483;
2.82241e-08;5.0829e-06;0.00184288;0;0;0;-0.000301028;0.00181813;0;0;0;1466.52;-239.55;1446.82;0;0;0;0;0.00555276;0;0.00384422;0;1;0;0;0;0;0;1.35131;
2.85935e-08;5.1193e-06;0.00184749;0;0;0;-0.000307333;0.00182175;0;0;0;1470.19;-244.568;1449.7;0;0;0;0;0.00558543;0;0.00386683;0;1;0;0;0;0;0;1.35808;
2.89665e-08;5.15594e-06;0.0018524;0;0;0;-0.000313963;0.0018256;0;0;0;1474.09;-249.843;1452.76;0;0;0;0;0.00561809;0;0.00388945;0;1;0;0;0;0;0;1.3653;
2.93433e-08;5.19281e-06;0.00185749;0;0;0;-0.000320874;0.00182957;0;0;0;1478.14;-255.342;1455.92;0;0;0;0;0.00565075;0;0.00391206;0;1;0;0;0;0;0;1.37282;
2.97239e-08;5.22994e-06;0.00186277;0;0;0;-0.000328064;0.00183365;0;0;0;1482.34;-261.064;1459.17;0;0;0;0;0.00568342;0;0.00393467;0;1;0;0;0;0;0;1.38063;
3.01085e-08;5.26733e-06;0.00186824;0;0;0;-0.000335535;0.00183786;0;0;0;1486.69;-267.009;1462.52;0;0;0;0;0.00571608;0;0.00395729;0;1;0;0;0;0;0;1.38874;
3.0497e-08;5.30498e-06;0.00187342;0;0;0;-0.000342392;0.00184186;0;0;0;1490.82;-272.466;1465.71;0;0;0;0;0.00574874;0;0.0039799;0;1;0;0;0;0;0;1.39646;
3.08894e-08;5.34289e-06;0.00187965;0;0;0;-0.000350748;0.00184663;0;0;0;1495.77;-279.116;1469.5;0;0;0;0;0.00578141;0;0.00400251;0;1;0;0;0;0;0;1.40576;
3.12861e-08;5.38111e-06;0.00188619;0;0;0;-0.000359289;0.00185166;0;0;0;1500.98;-285.913;1473.5;0;0;0;0;0.00581407;0;0.00402513;0;1;0;0;0;0;0;1.41557;
3.16872e-08;5.41964e-06;0.00189306;0;0;0;-0.000368016;0.00185694;0;0;0;1506.44;-292.857;1477.7;0;0;0;0;0.00584673;0;0.00404774;0;1;0;0;0;0;0;1.42589;
3.20927e-08;5.45851e-06;0.00190053;0;0;0;-0.000377068;0.00186275;0;0;0;1512.39;-300.061;1482.33;0;0;0;0;0.0058794;0;0.00407035;0;1;0;0;0;0;0;1.43717;
3.25028e-08;5.49772e-06;0.00190759;0;0;0;-0.000386205;0.00186808;0;0;0;1518;-307.332;1486.57;0;0;0;0;0.00591206;0;0.00409296;0;1;0;0;0;0;0;1.44786;
3.29175e-08;5.53727e-06;0.00191514;0;0;0;-0.000395933;0.00187377;0;0;0;1524.02;-315.073;1491.09;0;0;0;0;0.00594472;0;0.00411558;0;1;0;0;0;0;0;1.45935;
3.3337e-08;5.57719e-06;0.00192321;0;0;0;-0.000406251;0.00187981;0;0;0;1530.44;-323.284;1495.9;0;0;0;0;0.00597739;0;0.00413819;0;1;0;0;0;0;0;1.47167;
3.37615e-08;5.6175e-06;0.00193179;0;0;0;-0.000417161;0.00188621;0;0;0;1537.27;-331.965;1501;0;0;0;0;0.00601005;0;0.0041608;0;1;0;0;0;0;0;1.48484;
3.4191e-08;5.65823e-06;0.00194091;0;0;0;-0.00042866;0.00189298;0;0;0;1544.52;-341.116;1506.38;0;0;0;0;0.00604271;0;0.00418342;0;1;0;0;0;0;0;1.49889;
3.46259e-08;5.69939e-06;0.00195056;0;0;0;-0.000440751;0.00190011;0;0;0;1552.2;-350.738;1512.06;0;0;0;0;0.00607538;0;0.00420603;0;1;0;0;0;0;0;1.51384;
3.50663e-08;5.74101e-06;0.00196076;0;0;0;-0.000453432;0.00190762;0;0;0;1560.32;-360.829;1518.03;0;0;0;0;0.00610804;0;0.00422864;0;1;0;0;0;0;0;1.52971;
3.55125e-08;5.78313e-06;0.00197264;0;0;0;-0.00046765;0.00191641;0;0;0;1569.77;-372.143;1525.02;0;0;0;0;0.0061407;0;0.00425126;0;1;0;0;0;0;0;1.5483;
3.59651e-08;5.82584e-06;0.00198615;0;0;0;-0.0004823;0.00192671;0;0;0;1580.53;-383.801;1533.22;0;0;0;0;0.00617337;0;0.00427387;0;1;0;0;0;0;0;1.56959;
3.64245e-08;5.86921e-06;0.00200004;0;0;0;-0.000498326;0.00193696;0;0;0;1591.57;-396.554;1541.38;0;0;0;0;0.00620603;0;0.00429648;0;1;0;0;0;0;0;1.5916;
3.68899e-08;5.91308e-06;0.00200957;0;0;0;-0.000513912;0.00194275;0;0;0;1599.16;-408.957;1545.99;0;0;0;0;0.00623869;0;0.0043191;0;1;0;0;0;0;0;1.60682;
3.73615e-08;5.95749e-06;0.00202254;0;0;0;-0.00053141;0.00195148;0;0;0;1609.48;-422.881;1552.94;0;0;0;0;0.00627136;0;0.00434171;0;1;0;0;0;0;0;1.62762;
3.78404e-08;6.00258e-06;0.00203898;0;0;0;-0.000550818;0.00196317;0;0;0;1622.57;-438.326;1562.24;0;0;0;0;0.00630402;0;0.00436432;0;1;0;0;0;0;0;1.65419;
3.83274e-08;6.04849e-06;0.00205893;0;0;0;-0.000572137;0.00197784;0;0;0;1638.44;-455.291;1573.91;0;0;0;0;0.00633668;0;0.00438693;0;1;0;0;0;0;0;1.68672;
3.88234e-08;6.09535e-06;0.00208243;0;0;0;-0.000595367;0.00199551;0;0;0;1657.14;-473.777;1587.97;0;0;0;0;0.00636935;0;0.00440955;0;1;0;0;0;0;0;1.72545;
3.93295e-08;6.14331e-06;0.00210953;0;0;0;-0.000620507;0.0020162;0;0;0;1678.7;-493.783;1604.44;0;0;0;0;0.00640201;0;0.00443216;0;1;0;0;0;0;0;1.77064;
3.98466e-08;6.19249e-06;0.00214025;0;0;0;-0.000647559;0.00203993;0;0;0;1703.15;-515.31;1623.32;0;0;0;0;0.00643467;0;0.00445477;0;1;0;0;0;0;0;1.82258;
4.03758e-08;6.24303e-06;0.00217463;0;0;0;-0.000676521;0.00206672;0;0;0;1730.51;-538.357;1644.64;0;0;0;0;0.00646734;0;0.00447739;0;1;0;0;0;0;0;1.88161;
4.09159e-08;6.29476e-06;0.00218612;0;0;0;-0.000737834;0.00205784;0;0;0;1739.66;-587.148;1637.58;0;0;0;0;0.0065;0;0.0045;0;1;0;0;0;0;0;1.90155;
